<!-- 
  Sample XBRL Version 2 Taxonomy 
  Reference Linkbase
  January 2002
  Don Bruey, Creative Solutions
  dbruey@creativesolutions.com
-->
<linkbase xmlns="http://www.xbrl.org/2001/XLink/xbrllinkbase" 
          xmlns:sample="http://www.sample.org/xbrl/2001-12-31" 
          xmlns:xlink="http://www.w3.org/1999/xlink" 
          xmlns:xsi="http://www.w3.org/2001/XMLSchema-instance"
          xsi:schemaLocation="http://www.sample.org/xbrl/2001-12-31 sample_taxonomy.xsd">

	<referenceLink xlink:type="extended">

		<loc xlink:type="locator" xlink:href="sample_taxonomy.xsd#currentAssets" 
          xlink:label="sample_currentAssets" xlink:title="sample_currentAssets"/>

		<reference xlink:type="resource" xlink:label="sample_currentAssetsRef" 
               xlink:title="sample_currentAssetsRef">
			<sample:publication>Publication reference</sample:publication>
		</reference>

		<referenceArc xlink:type="arc" xlink:from="sample_currentAssets" xlink:to="sample_currentAssetsRef" 
                  xlink:show="embed" xlink:actuate="onRequest" 
                  xlink:arcrole="http://www.xbrl.org/linkprops/arc/element-reference" 
                  xlink:title="Reference: sample_currentAssets to sample_currentAssetsRef"/>
		<referenceArc xlink:type="arc" xlink:from="sample_currentAssetsRef" xlink:to="sample_currentAssets" 
                  xlink:show="replace" xlink:actuate="onRequest" 
                  xlink:arcrole="http://www.xbrl.org/linkprops/arc/reference-element" 
                  xlink:title="Reference: sample_currentAssetsRef to sample_currentAssets"/>

	</referenceLink>
</linkbase>
