<!-- 
  Sample XBRL Version 2 Taxonomy
  Presentation Linkbase
  January 2002
  Don Bruey, Creative Solutions
  dbruey@creativesolutions.com
-->
<linkbase xmlns="http://www.xbrl.org/2001/XLink/xbrllinkbase" 
          xmlns:xlink="http://www.w3.org/1999/xlink" 
          xmlns:xsi="http://www.w3.org/2001/XMLSchema-instance"
          xsi:schemaLocation="http://www.xbrl.org/2001/XLink/xbrllinkbase xbrl-linkbase.xsd">

	<presentationLink xlink:type="extended">

		<loc xlink:type="locator" xlink:href="sample_taxonomy.xsd#balanceSheet" 
         xlink:label="sample_balanceSheet" xlink:title="sample_balanceSheet"/>
		<loc xlink:type="locator" xlink:href="sample_taxonomy.xsd#currentAssets" 
         xlink:label="sample_currentAssets" xlink:title="sample_currentAssets"/>
		<loc xlink:type="locator" xlink:href="sample_taxonomy.xsd#assets.cash" 
         xlink:label="sample_assets.cash" xlink:title="sample_assets.cash"/>
		<loc xlink:type="locator" xlink:href="sample_taxonomy.xsd#assets.netReceivables" 
         xlink:label="sample_assets.netReceivables" xlink:title="sample_assets.netReceivables"/>

		<presentationArc xlink:type="arc" 
                     xlink:from="sample_currentAssets" xlink:to="sample_balanceSheet" 
                     xlink:show="replace" xlink:actuate="onRequest" 
                     xlink:title="presentation: sample_currentAssets up to sample_balanceSheet" 
                     order="1" 
                     xlink:arcrole="http://www.xbrl.org/linkprops/arc/child-parent"/>
		<presentationArc xlink:type="arc" 
                     xlink:from="sample_balanceSheet" xlink:to="sample_currentAssets" 
                     xlink:show="replace" xlink:actuate="onRequest" 
                     xlink:title="presentation: sample_balanceSheet down to sample_currentAssets" 
                     order="1" 
                     xlink:arcrole="http://www.xbrl.org/linkprops/arc/parent-child"/>

		<presentationArc xlink:type="arc" 
                     xlink:from="sample_assets.cash" xlink:to="sample_currentAssets" 
                     xlink:show="replace" xlink:actuate="onRequest" 
                     xlink:title="presentation: sample_assets.cash up to sample_currentAssets" 
                     order="1" 
                     xlink:arcrole="http://www.xbrl.org/linkprops/arc/child-parent"/>
		<presentationArc xlink:type="arc" 
                     xlink:from="sample_currentAssets" xlink:to="sample_assets.cash" 
                     xlink:show="replace" xlink:actuate="onRequest" 
                     xlink:title="presentation: sample_currentAssets down to sample_assets.cash" 
                     order="1" 
                     xlink:arcrole="http://www.xbrl.org/linkprops/arc/parent-child"/>
		
		<presentationArc xlink:type="arc" 
                     xlink:from="sample_assets.netReceivables" xlink:to="sample_currentAssets" 
                     xlink:show="replace" xlink:actuate="onRequest" 
                     xlink:title="presentation: sample_assets.netReceivables up to sample_currentAssets" 
                     order="2" 
                     xlink:arcrole="http://www.xbrl.org/linkprops/arc/child-parent"/>
		<presentationArc xlink:type="arc" 
                     xlink:from="sample_currentAssets" xlink:to="sample_assets.netReceivables" 
                     xlink:show="replace" xlink:actuate="onRequest" 
                     xlink:title="presentation: sample_currentAssets down to assets.netReceivables" 
                     order="2" 
                     xlink:arcrole="http://www.xbrl.org/linkprops/arc/parent-child"/>

	</presentationLink>

</linkbase>
