<?xml version="1.0" encoding="UTF-8"?>
<Order xmlns="urn:oasis:names:tc:ubl:Order:1.0:0.70" xmlns:cat="urn:oasis:names:tc:ubl:CommonAggregateTypes:1.0:0.70" xmlns:cct="urn:oasis:names:tc:ubl:CoreComponentTypes:1.0:0.70" xmlns:ccts="urn:oasis:names:tc:ubl:CoreComponentParameters:1.0:0.70" xmlns:xsi="http://www.w3.org/2001/XMLSchema-instance" xsi:schemaLocation="urn:oasis:names:tc:ubl:Invoice:1.0:0.70
/0p70/xsd/UBL_Library_0p70_Order.xsd">
	<cat:ID>20031234-1</cat:ID>
	<cat:IssueDate>2003-02-02</cat:IssueDate>
	<cat:LineExtensionTotalAmount currencyID="USD">498.5</cat:LineExtensionTotalAmount>
	<cat:BuyerParty>
		<cat:ID>token</cat:ID>
		<cat:PartyName>
			<cat:Name>Bills Microdevices</cat:Name>
		</cat:PartyName>
		<cat:Address>
			<cat:ID>token</cat:ID>
			<cat:Street>413 Spring St</cat:Street>
			<cat:CityName>Elgin</cat:CityName>
			<cat:PostalZone>60123</cat:PostalZone>
			<cat:CountrySub-Entity>IL</cat:CountrySub-Entity>
		</cat:Address>
		<cat:BuyerContact>
			<cat:ID>token</cat:ID>
			<cat:Name>George Tirebiter</cat:Name>
		</cat:BuyerContact>
	</cat:BuyerParty>
	<cat:SellerParty>
		<cat:ID>token</cat:ID>
		<cat:PartyName>
			<cat:Name>Joes Office Supply</cat:Name>
		</cat:PartyName>
		<cat:Address>
			<cat:ID>token</cat:ID>
			<cat:Street>32 W. Lakeshore Dr</cat:Street>
			<cat:CityName>Chicago</cat:CityName>
			<cat:CountrySub-Entity>IL</cat:CountrySub-Entity>
		</cat:Address>
	</cat:SellerParty>
	<cat:DeliveryTerms>
		<cat:ID>token</cat:ID>
		<cat:SpecialTerms>Signature Required</cat:SpecialTerms>
	</cat:DeliveryTerms>
	<cat:OrderLine>
		<cat:BuyersID>1</cat:BuyersID>
		<cat:SellersID/>
		<cat:LineExtensionAmount currencyID="token">12.50</cat:LineExtensionAmount>
		<cat:Quantity unitCode="token">5</cat:Quantity>
		<cat:Item>
			<cat:ID>token</cat:ID>
			<cat:Description>Pencils, box #2 red</cat:Description>
			<cat:SellersItemIdentification>
				<cat:ID>32145-12</cat:ID>
			</cat:SellersItemIdentification>
			<cat:BasePrice>
				<cat:PriceAmount currencyID="">2.50</cat:PriceAmount>
			</cat:BasePrice>
		</cat:Item>
		<cat:DeliveryRequirement>
			<cat:ID/>
			<cat:DeliverToAddress>
				<cat:ID/>
				<cat:Street>413 N Spring St</cat:Street>
				<cat:CityName>Elgin</cat:CityName>
				<cat:PostalZone>60123</cat:PostalZone>
				<cat:CountrySub-Entity>IL</cat:CountrySub-Entity>
			</cat:DeliverToAddress>
			<cat:DeliverySchedule>
				<cat:ID/>
				<cat:RequestedDeliveryDate>2003-02-14</cat:RequestedDeliveryDate>
				<cat:DeliveryRequirement>
					<cat:ID/>
				</cat:DeliveryRequirement>
			</cat:DeliverySchedule>
		</cat:DeliveryRequirement>
	</cat:OrderLine>
	<cat:OrderLine>
		<cat:BuyersID>2</cat:BuyersID>
		<cat:LineExtensionAmount currencyID="token">360.00</cat:LineExtensionAmount>
		<cat:Quantity unitCode="token">12</cat:Quantity>
		<cat:Item>
			<cat:ID>token</cat:ID>
			<cat:Description>Xeorox Paper- case</cat:Description>
			<cat:SellersItemIdentification>
				<cat:ID>78-697-24</cat:ID>
			</cat:SellersItemIdentification>
			<cat:BasePrice>
				<cat:PriceAmount currencyID="token">30.00</cat:PriceAmount>
			</cat:BasePrice>
		</cat:Item>
		<cat:DeliveryRequirement>
			<cat:ID>token</cat:ID>
			<cat:DeliverToAddress>
				<cat:ID>token</cat:ID>
				<cat:Street>413 N Spring St</cat:Street>
				<cat:CityName>Elgin</cat:CityName>
				<cat:PostalZone>60123</cat:PostalZone>
				<cat:CountrySub-Entity>IL</cat:CountrySub-Entity>
			</cat:DeliverToAddress>
			<cat:DeliverySchedule>
				<cat:ID>token</cat:ID>
				<cat:RequestedDeliveryDate>2003-02-14</cat:RequestedDeliveryDate>
				<cat:DeliveryRequirement>
					<cat:ID/>
				</cat:DeliveryRequirement>
			</cat:DeliverySchedule>
		</cat:DeliveryRequirement>
	</cat:OrderLine>
	<cat:OrderLine>
		<cat:BuyersID>3</cat:BuyersID>
		<cat:SellersID>token</cat:SellersID>
		<cat:LineExtensionAmount currencyID="token">50.00</cat:LineExtensionAmount>
		<cat:Quantity unitCode="token">10</cat:Quantity>
		<cat:Item>
			<cat:ID>token</cat:ID>
			<cat:Description>Pens, box, blue finepoint</cat:Description>
			<cat:SellersItemIdentification>
				<cat:ID>091356-3</cat:ID>
			</cat:SellersItemIdentification>
			<cat:BasePrice>
				<cat:PriceAmount currencyID="token">5.00</cat:PriceAmount>
			</cat:BasePrice>
		</cat:Item>
		<cat:DeliveryRequirement>
			<cat:ID>token</cat:ID>
			<cat:DeliverToAddress>
				<cat:ID>token</cat:ID>
				<cat:Street>413 N Spring St</cat:Street>
				<cat:CityName>Elgin</cat:CityName>
				<cat:PostalZone>60123</cat:PostalZone>
				<cat:CountrySub-Entity>IL</cat:CountrySub-Entity>
			</cat:DeliverToAddress>
			<cat:DeliverySchedule>
				<cat:ID>token</cat:ID>
				<cat:RequestedDeliveryDate>2003-02-14</cat:RequestedDeliveryDate>
				<cat:DeliveryRequirement>
					<cat:ID/>
				</cat:DeliveryRequirement>
			</cat:DeliverySchedule>
		</cat:DeliveryRequirement>
	</cat:OrderLine>
	<cat:OrderLine>
		<cat:BuyersID>4</cat:BuyersID>
		<cat:SellersID>token</cat:SellersID>
		<cat:LineExtensionAmount currencyID="token">37.50</cat:LineExtensionAmount>
		<cat:Quantity unitCode="token">3</cat:Quantity>
		<cat:Item>
			<cat:ID>token</cat:ID>
			<cat:Description>Tape, 1in case</cat:Description>
			<cat:SellersItemIdentification>
				<cat:ID>543-165-1</cat:ID>
			</cat:SellersItemIdentification>
			<cat:BasePrice>
				<cat:PriceAmount currencyID="token">12.50</cat:PriceAmount>
			</cat:BasePrice>
		</cat:Item>
		<cat:DeliveryRequirement>
			<cat:ID>token</cat:ID>
			<cat:DeliverToAddress>
				<cat:ID>token</cat:ID>
				<cat:Street>413 N Spring St</cat:Street>
				<cat:CityName>Elgin</cat:CityName>
				<cat:PostalZone>60123</cat:PostalZone>
				<cat:CountrySub-Entity>IL</cat:CountrySub-Entity>
			</cat:DeliverToAddress>
			<cat:DeliverySchedule>
				<cat:ID>token</cat:ID>
				<cat:RequestedDeliveryDate>2003-02-14</cat:RequestedDeliveryDate>
				<cat:DeliveryRequirement>
					<cat:ID/>
				</cat:DeliveryRequirement>
			</cat:DeliverySchedule>
		</cat:DeliveryRequirement>
	</cat:OrderLine>
	<cat:OrderLine>
		<cat:BuyersID>5</cat:BuyersID>
		<cat:SellersID>token</cat:SellersID>
		<cat:LineExtensionAmount currencyID="token">10.00</cat:LineExtensionAmount>
		<cat:Quantity unitCode="token">10</cat:Quantity>
		<cat:Item>
			<cat:ID>token</cat:ID>
			<cat:Description>Staples, wire, box</cat:Description>
			<cat:SellersItemIdentification>
				<cat:ID>984567-12</cat:ID>
			</cat:SellersItemIdentification>
			<cat:BasePrice>
				<cat:PriceAmount currencyID="token">1.00</cat:PriceAmount>
			</cat:BasePrice>
		</cat:Item>
		<cat:DeliveryRequirement>
			<cat:ID>token</cat:ID>
			<cat:DeliverToAddress>
				<cat:ID>token</cat:ID>
				<cat:Street>413 N Spring St</cat:Street>
				<cat:CityName>Elgin</cat:CityName>
				<cat:PostalZone>60123</cat:PostalZone>
				<cat:CountrySub-Entity>IL</cat:CountrySub-Entity>
			</cat:DeliverToAddress>
			<cat:DeliverySchedule>
				<cat:ID>token</cat:ID>
				<cat:RequestedDeliveryDate>2003-02-14</cat:RequestedDeliveryDate>
				<cat:DeliveryRequirement>
					<cat:ID/>
				</cat:DeliveryRequirement>
			</cat:DeliverySchedule>
		</cat:DeliveryRequirement>
	</cat:OrderLine>
	<cat:OrderLine>
		<cat:BuyersID>6</cat:BuyersID>
		<cat:SellersID>token</cat:SellersID>
		<cat:LineExtensionAmount currencyID="token">22.50</cat:LineExtensionAmount>
		<cat:Quantity unitCode="token">5</cat:Quantity>
		<cat:Item>
			<cat:ID>token</cat:ID>
			<cat:Description>Pens, box red felt tip </cat:Description>
			<cat:SellersItemIdentification>
				<cat:ID>091344-5</cat:ID>
			</cat:SellersItemIdentification>
			<cat:BasePrice>
				<cat:PriceAmount currencyID="token">5.00</cat:PriceAmount>
			</cat:BasePrice>
		</cat:Item>
		<cat:DeliveryRequirement>
			<cat:ID>token</cat:ID>
			<cat:DeliverToAddress>
				<cat:ID>token</cat:ID>
				<cat:Street>413 N Spring St</cat:Street>
				<cat:CityName>Elgin</cat:CityName>
				<cat:PostalZone>60123</cat:PostalZone>
				<cat:CountrySub-Entity>IL</cat:CountrySub-Entity>
			</cat:DeliverToAddress>
			<cat:DeliverySchedule>
				<cat:ID>token</cat:ID>
				<cat:RequestedDeliveryDate>2003-02-14</cat:RequestedDeliveryDate>
				<cat:DeliveryRequirement>
					<cat:ID/>
				</cat:DeliveryRequirement>
			</cat:DeliverySchedule>
		</cat:DeliveryRequirement>
	</cat:OrderLine>
	<cat:OrderLine>
		<cat:BuyersID>7</cat:BuyersID>
		<cat:SellersID>token</cat:SellersID>
		<cat:LineExtensionAmount currencyID="token">6.00</cat:LineExtensionAmount>
		<cat:Quantity unitCode="token">12</cat:Quantity>
		<cat:Item>
			<cat:ID>token</cat:ID>
			<cat:Description>Mousepad, blue</cat:Description>
			<cat:SellersItemIdentification>
				<cat:ID>21457-3</cat:ID>
			</cat:SellersItemIdentification>
			<cat:BasePrice>
				<cat:PriceAmount currencyID="token">.50</cat:PriceAmount>
			</cat:BasePrice>
		</cat:Item>
		<cat:DeliveryRequirement>
			<cat:ID>token</cat:ID>
			<cat:DeliverToAddress>
				<cat:ID>token</cat:ID>
				<cat:Street>413 N Spring St</cat:Street>
				<cat:CityName>Elgin</cat:CityName>
				<cat:PostalZone>60123</cat:PostalZone>
				<cat:CountrySub-Entity>IL</cat:CountrySub-Entity>
			</cat:DeliverToAddress>
			<cat:DeliverySchedule>
				<cat:ID>token</cat:ID>
				<cat:RequestedDeliveryDate>2003-02-14</cat:RequestedDeliveryDate>
				<cat:DeliveryRequirement>
					<cat:ID/>
				</cat:DeliveryRequirement>
			</cat:DeliverySchedule>
		</cat:DeliveryRequirement>
	</cat:OrderLine>
</Order>
